trade_date,open,high,low,close,vol
2018-01-31,55.0,55.88,51.2,51.26,372340.04
2018-02-01,49.97,51.6,49.01,50.03,218725.06
2018-02-02,54.0,55.03,52.02,55.03,254712.3
2018-02-05,55.0,60.53,53.88,60.53,360255.37
2018-02-06,58.7,60.45,54.48,54.48,349652.14
2018-02-07,56.4,59.48,54.5,57.99,387676.33
2018-02-08,56.88,60.89,55.15,57.17,367799.18
2018-02-09,53.8,54.7,51.45,51.45,340304.04
2018-02-12,52.5,53.5,51.45,52.29,184861.14
2018-02-13,53.8,57.52,53.11,57.52,225142.33
2018-02-14,61.5,63.27,60.0,63.24,404613.8
2018-02-28,65.67,65.67,56.92,56.92,460849.26
2018-03-01,52.7,53.8,51.23,52.44,464688.66
2018-03-02,51.55,53.71,51.31,53.0,354064.4
2018-03-05,52.18,52.58,48.7,51.12,343805.29
2018-03-06,50.25,51.08,49.71,50.38,240848.55
2018-03-07,50.48,51.4,47.18,47.92,362708.52
2018-03-08,47.0,49.53,46.33,49.33,305957.01
2018-03-09,49.0,50.65,47.8,49.91,317969.84
2018-03-12,49.64,51.0,49.3,49.78,233254.98
2018-03-13,49.77,54.76,48.11,53.91,478167.81
2018-03-14,52.32,53.49,49.76,49.86,369627.48
2018-03-15,48.0,49.0,47.46,48.22,224295.75
2018-03-16,48.03,49.68,48.01,48.08,156063.9
2018-03-19,47.51,48.0,46.51,47.0,169667.21
2018-03-20,46.33,47.49,45.88,46.41,157512.5
2018-03-21,46.92,49.45,46.71,47.64,249259.57
2018-03-22,47.56,47.94,46.1,46.29,164294.72
2018-03-23,43.07,44.19,41.66,41.66,253381.43
2018-03-26,40.0,41.35,38.13,40.97,195209.03
2018-03-27,41.52,42.8,41.51,41.73,176514.68
2018-03-28,40.4,41.45,39.8,40.01,141033.69
2018-03-29,40.45,40.81,40.04,40.73,117331.54
2018-03-30,41.0,43.33,40.41,42.33,208848.31
2018-04-02,41.7,42.59,41.02,41.23,168435.04
2018-04-03,40.0,40.5,39.51,39.8,142003.12
2018-04-04,41.9,43.7,41.31,41.46,252807.93
2018-04-09,40.26,41.23,39.5,40.72,144267.81
2018-04-10,40.9,42.26,40.12,41.5,158151.52
2018-04-11,41.79,42.5,41.1,41.58,139162.83
2018-04-12,41.3,42.1,40.8,40.86,110143.3
2018-04-13,41.0,41.5,40.61,40.78,83574.33
2018-04-16,40.0,40.49,39.51,40.01,107311.81
2018-04-17,40.11,41.87,39.36,40.82,176185.69
2018-04-18,40.95,43.2,40.5,42.71,255272.57
2018-04-19,42.88,44.68,42.2,43.77,271649.35
2018-04-20,43.2,44.08,42.73,42.85,186984.04
2018-04-23,43.1,43.1,39.5,40.14,219433.46
2018-04-24,39.8,40.81,39.02,40.65,137883.57
2018-04-25,40.13,40.97,39.9,40.47,104970.17
2018-04-26,40.58,40.58,39.0,39.04,104832.81
2018-04-27,38.97,39.49,36.12,36.76,176665.67
2018-05-16,35.3,39.85,35.3,37.89,229096.68
2018-05-17,37.45,37.8,35.69,35.98,168386.98
2018-05-18,36.01,36.01,32.64,33.38,243521.01
2018-05-21,33.55,34.11,33.31,33.72,117190.43
2018-05-22,33.66,36.5,33.38,36.22,237349.02
2018-05-23,35.69,35.69,34.81,34.87,135513.95
2018-05-24,35.38,35.76,34.88,34.91,109050.54
2018-05-25,34.91,35.25,33.45,33.8,109519.42
2018-05-28,33.92,34.44,33.18,33.84,94308.1
2018-05-29,34.07,35.99,34.07,34.82,173098.23
2018-05-30,33.95,34.48,33.4,33.68,123313.51
2018-05-31,33.68,34.48,33.68,34.21,91718.78
2018-06-01,33.87,34.26,33.36,33.73,82157.47
2018-06-04,34.0,35.15,33.7,34.54,102532.38
2018-06-05,34.45,35.15,34.31,34.82,92236.19
2018-06-06,34.84,34.84,34.31,34.44,77124.92
2018-06-07,34.8,36.53,34.63,36.02,199865.55
2018-06-08,35.78,37.19,35.01,36.6,203562.53
2018-06-11,36.5,36.74,35.53,35.96,99903.17
2018-06-12,35.65,35.86,34.31,35.2,101896.22
2018-06-13,34.76,34.83,33.5,33.66,107184.14
2018-06-14,33.4,34.05,32.8,32.87,81089.56
2018-06-15,33.07,33.4,32.07,32.21,64649.85
2018-06-19,31.3,31.31,28.99,29.05,125010.56
2018-06-20,28.86,29.42,28.57,29.25,68390.06
2018-06-21,29.25,29.31,27.25,27.29,95238.28
2018-06-22,27.01,27.78,26.28,27.65,71953.28
2018-06-25,27.65,28.37,27.49,27.54,75280.81
2018-06-26,26.8,28.46,26.5,28.08,68619.88
2018-06-27,28.17,28.36,27.52,27.63,53033.57
2018-06-28,27.71,28.07,26.99,27.12,49785.59
2018-06-29,27.3,29.58,27.3,28.9,97287.1
2018-07-02,28.6,28.75,27.3,27.8,81673.71
2018-07-03,27.71,29.35,27.61,28.99,121895.61
2018-07-04,28.76,28.77,27.5,27.91,88298.78
2018-07-05,27.8,28.12,26.8,26.89,58571.98
2018-07-06,27.1,28.09,26.6,27.47,75127.41
2018-07-09,27.4,28.1,27.4,28.03,56847.96
2018-07-10,28.18,28.22,27.49,27.91,53725.08
2018-07-11,27.36,27.38,26.36,26.83,64774.14
2018-07-12,26.8,28.28,26.7,27.84,91240.24
2018-07-13,28.14,28.29,27.56,27.75,58413.1
2018-07-16,27.99,28.45,27.6,27.89,65272.41
2018-07-17,27.63,27.7,27.06,27.58,55467.12
2018-07-18,27.75,28.07,27.2,27.28,52136.29
2018-07-19,27.1,27.52,26.66,26.81,46740.34
2018-07-20,26.7,27.09,26.05,26.96,61336.55
2018-07-23,26.88,27.12,26.58,27.03,49931.76
2018-07-24,26.99,28.09,26.85,27.78,96508.93
2018-07-25,27.8,28.1,27.4,27.49,62735.9
2018-07-26,27.47,28.28,27.3,27.76,90321.07
2018-07-27,27.5,27.57,26.8,27.01,61668.54
2018-07-30,27.33,27.65,26.87,27.0,51546.29
2018-07-31,26.85,26.95,26.52,26.71,39391.15
2018-08-01,26.72,26.95,26.04,26.09,42773.75
2018-08-02,25.8,25.85,23.9,24.51,85217.07
2018-08-03,24.51,24.64,23.4,23.44,57247.64
2018-08-06,23.7,23.75,22.82,23.02,50998.54
2018-08-07,23.29,23.59,22.68,23.57,51007.53
2018-08-08,23.54,24.87,23.24,23.7,79671.26
2018-08-09,23.5,24.8,23.14,24.21,85943.83
2018-08-10,24.01,24.4,23.71,23.98,62662.6
2018-08-13,23.5,24.05,23.15,23.99,56973.35
2018-08-14,23.99,24.7,23.5,24.33,69510.12
2018-08-15,24.01,24.13,23.2,23.31,60445.52
2018-08-16,22.66,23.2,22.25,22.93,53565.62
2018-08-17,23.19,23.29,22.36,22.4,40986.86
2018-08-20,22.56,22.89,22.32,22.82,41864.02
2018-08-21,22.95,23.4,22.74,23.12,54390.62
2018-08-22,23.22,23.46,23.03,23.03,39333.86
2018-08-23,23.15,23.68,23.03,23.31,48322.96
2018-08-24,23.23,23.27,22.89,22.94,34850.21
2018-08-27,23.01,23.55,22.98,23.44,50255.96
2018-08-28,23.6,23.75,23.28,23.49,44831.13
2018-08-29,23.78,25.84,23.73,25.84,205168.75
2018-08-30,25.84,25.87,24.77,24.9,174158.47
2018-08-31,24.8,24.82,24.1,24.35,90922.51
2018-09-03,24.5,25.97,24.38,25.53,178279.08
2018-09-04,25.53,28.08,25.16,28.0,283491.89
2018-09-05,27.22,29.47,27.11,27.8,302843.09
2018-09-06,27.81,30.58,27.81,30.39,464217.87
2018-09-07,30.0,30.57,28.15,28.89,359826.8
2018-09-10,28.64,28.8,27.13,27.85,217700.08
2018-09-11,27.95,28.68,27.21,27.69,177356.4
2018-09-12,27.68,28.08,27.26,27.55,121821.02
2018-09-13,27.92,28.07,26.52,27.49,153576.05
2018-09-14,27.46,27.65,26.61,26.73,112716.33
2018-09-17,26.8,27.35,26.73,27.0,102128.25
2018-09-18,26.73,27.55,26.11,27.54,154780.42
2018-09-19,27.11,27.76,26.9,27.15,132050.03
2018-09-20,27.22,28.48,26.71,27.16,176247.15
2018-09-21,27.18,27.84,26.8,27.72,156540.8
2018-09-25,27.44,28.27,27.3,27.74,91449.32
2018-09-26,27.6,28.06,27.34,27.77,114635.96
2018-09-27,27.7,27.77,26.11,26.13,139565.55
2018-09-28,26.2,26.7,26.17,26.44,72067.34
2018-10-08,25.3,25.3,23.9,23.98,111076.68
2018-10-09,24.0,24.4,23.7,23.98,61717.7
2018-10-10,23.94,24.15,23.43,23.96,58314.01
2018-10-11,22.62,22.88,21.56,21.75,128954.88
2018-10-12,21.55,21.88,20.0,21.41,100015.67
2018-10-15,21.5,21.97,21.16,21.26,63425.26
2018-10-16,21.41,21.62,20.52,20.87,52727.99
2018-10-17,21.39,21.94,21.0,21.8,90039.03
2018-10-18,21.5,21.53,20.66,20.88,66326.94
2018-10-19,20.12,21.6,20.01,21.41,80167.78
2018-10-22,21.45,23.3,21.45,22.8,130690.11
2018-10-23,22.76,22.84,22.09,22.25,81528.85
2018-10-24,21.98,22.59,21.9,21.98,60894.63
2018-10-25,21.01,21.66,20.82,21.4,68201.67
2018-10-26,21.73,22.16,21.34,21.36,52652.11
2018-10-29,21.39,22.1,21.38,21.71,64163.83
2018-10-30,21.73,21.86,20.7,21.47,70086.55
2018-10-31,21.6,21.93,21.2,21.7,65836.45
2018-11-01,22.44,22.87,22.01,22.05,99802.71
2018-11-02,22.66,22.9,22.22,22.9,114622.27
2018-11-05,22.81,23.11,22.4,22.66,77878.53
2018-11-06,22.66,23.64,22.08,23.47,101834.61
2018-11-07,23.2,23.44,22.85,22.96,89669.72
2018-11-08,23.23,23.35,22.44,22.46,57915.6
2018-11-09,22.1,22.63,22.08,22.2,42303.19
2018-11-12,22.26,22.79,22.05,22.73,57308.36
2018-11-13,22.25,23.19,22.15,22.87,87091.43
2018-11-14,22.75,23.45,22.51,23.13,91910.92
2018-11-15,23.26,25.3,23.0,24.95,203684.98
2018-11-16,24.7,24.89,24.42,24.67,123413.45
2018-11-19,24.95,25.05,24.27,24.57,87755.18
2018-11-20,24.21,24.47,23.42,23.42,88525.35
2018-11-21,23.0,23.6,22.91,23.36,53137.67
2018-11-22,23.45,24.09,23.43,23.62,63949.9
2018-11-23,23.7,23.7,22.55,22.58,66410.02
2018-11-26,22.79,22.84,22.13,22.25,39347.1
2018-11-27,22.54,22.83,22.3,22.46,45388.46
2018-11-28,22.6,22.79,22.22,22.67,47102.91
2018-11-29,22.94,22.97,21.93,21.94,55729.05
2018-11-30,21.97,22.35,21.52,22.35,52075.2
2018-12-03,23.12,23.29,22.86,23.01,68974.04
2018-12-04,23.1,23.24,22.8,23.05,46468.58
2018-12-05,22.59,22.86,22.45,22.7,40147.07
2018-12-06,22.55,22.59,22.01,22.04,51304.65
2018-12-07,22.04,22.33,22.04,22.16,24541.09
2018-12-10,21.86,22.03,21.51,21.81,32317.41
2018-12-11,21.9,22.13,21.83,21.91,21740.3
2018-12-12,22.34,22.34,21.98,22.09,23240.24
2018-12-13,22.09,22.42,21.84,22.2,34454.45
2018-12-14,22.4,22.98,22.19,22.27,70534.15
2018-12-17,21.7,22.08,21.32,21.9,41404.56
2018-12-18,21.7,21.93,21.39,21.54,31382.05
2018-12-19,21.55,21.7,21.27,21.27,20496.03
2018-12-20,21.18,21.52,21.18,21.46,24393.81
2018-12-21,21.3,21.6,21.22,21.38,23893.2
2018-12-24,21.32,21.58,21.25,21.51,22807.18
2018-12-25,21.3,21.3,20.3,20.88,53843.33
2018-12-26,20.86,20.95,20.46,20.53,33476.79
2018-12-27,20.94,20.95,20.16,20.16,35698.15
2018-12-28,20.34,20.58,20.13,20.37,29539.03
2019-01-02,20.4,20.5,20.22,20.31,22923.45
2019-01-03,20.12,20.59,19.92,19.96,37295.85
2019-01-04,19.84,20.5,19.45,20.42,44766.41
2019-01-07,20.7,20.99,20.59,20.83,42900.81
2019-01-08,20.79,21.07,20.68,20.77,30384.25
2019-01-09,21.04,21.43,20.8,20.82,49846.48
2019-01-10,20.79,21.08,20.55,20.63,33783.81
2019-01-11,20.64,20.95,20.6,20.74,25173.83
2019-01-14,20.7,20.84,20.35,20.51,23683.62
2019-01-15,20.51,20.96,20.38,20.96,40338.78
2019-01-16,20.81,21.37,20.7,20.88,44516.84
2019-01-17,20.98,21.05,20.61,20.63,30006.0
2019-01-18,20.84,20.85,20.46,20.85,33448.64
2019-01-21,20.84,21.08,20.68,20.93,34626.15
2019-01-22,21.07,21.12,20.39,20.46,35880.88
2019-01-23,20.3,20.49,20.2,20.25,25764.37
2019-01-24,20.4,20.69,20.17,20.4,33074.78
2019-01-25,20.49,20.6,20.28,20.3,26742.94
2019-01-28,20.4,20.6,20.03,20.08,37222.42
2019-01-29,20.08,20.08,19.49,19.78,36285.26
2019-01-30,19.73,20.55,19.55,20.12,41198.76
2019-01-31,20.24,20.26,19.6,19.65,39918.8
2019-02-01,19.86,20.09,19.75,20.06,27282.5
2019-02-11,20.06,20.94,20.01,20.9,65348.53
2019-02-12,20.88,21.11,20.71,20.96,57959.34
2019-02-13,21.08,23.06,20.99,23.06,223338.71
2019-02-14,22.51,22.9,22.38,22.6,144526.25
2019-02-15,22.5,22.77,22.1,22.2,90301.48
2019-02-18,22.44,23.33,22.38,23.19,138440.96
2019-02-19,23.19,24.19,22.85,23.75,168949.33
2019-02-20,23.52,23.55,22.77,23.08,102132.27
2019-02-21,23.08,23.32,22.69,22.7,102628.43
2019-02-22,22.69,23.5,22.53,23.42,120625.31
2019-02-25,24.5,25.48,23.5,25.32,228491.34
2019-02-26,25.72,27.85,25.31,26.3,292041.33
2019-02-27,25.8,27.9,25.55,27.24,223580.22
2019-02-28,27.0,27.0,25.82,26.12,140549.32
2019-03-01,26.18,26.45,25.3,25.84,119433.29
2019-03-04,26.5,27.27,26.09,26.3,175746.71
2019-03-05,26.0,27.1,25.9,26.95,138266.39
2019-03-06,27.02,27.47,26.43,27.02,159358.18
2019-03-07,26.8,29.59,26.38,28.4,273320.26
2019-03-08,27.21,29.59,26.96,27.75,259891.74
2019-03-11,28.03,29.29,28.03,28.6,169433.54
2019-03-12,28.54,29.25,28.1,28.59,198947.94
2019-03-13,28.81,28.81,26.87,27.12,153329.59
2019-03-14,26.85,27.39,25.8,26.04,119131.82
2019-03-15,26.15,26.66,25.88,26.15,81894.69
2019-03-18,25.85,26.38,25.71,26.36,103053.78
2019-03-19,26.63,27.09,26.43,26.72,106081.68
2019-03-20,26.72,26.74,25.83,26.15,94263.85
2019-03-21,26.0,26.89,25.96,26.57,104097.86
2019-03-22,26.65,26.87,26.05,26.57,75938.29
2019-03-25,25.9,26.42,25.6,25.73,90514.59
2019-03-26,25.89,26.6,25.87,26.29,131555.35
2019-03-27,26.27,26.3,25.6,25.77,69734.57
2019-03-28,25.7,25.99,25.27,25.3,63000.63
2019-03-29,25.25,25.96,24.82,25.82,90916.42
2019-04-01,25.9,27.11,25.9,27.06,157004.19
2019-04-02,27.24,27.3,26.5,26.61,115185.56
2019-04-03,26.51,27.01,26.36,26.75,80483.06
2019-04-04,26.92,27.0,26.35,26.5,97044.22
2019-04-08,26.79,26.79,25.52,25.68,96088.48
2019-04-09,25.69,25.99,25.31,25.79,59585.29
2019-04-10,25.68,25.69,25.24,25.36,72705.63
2019-04-11,25.51,25.64,24.68,24.68,74643.56
2019-04-12,24.71,25.1,24.6,24.89,53695.89
2019-04-15,25.71,25.8,24.84,24.87,72546.14
2019-04-16,24.88,25.53,24.56,25.51,77151.83
2019-04-17,25.52,26.0,25.5,25.64,93224.44
2019-04-18,25.63,25.63,25.08,25.17,56940.91
2019-04-19,25.44,25.76,25.28,25.6,66951.43
2019-04-22,25.62,25.8,24.78,25.04,69093.15
2019-04-23,24.88,25.2,24.72,24.84,47441.29
2019-04-24,24.95,25.42,24.66,25.25,52245.16
2019-04-25,25.28,25.39,24.38,24.4,65047.64
2019-04-26,24.23,24.58,23.83,23.86,54503.54
2019-04-29,23.66,23.84,22.6,22.65,71296.09
2019-04-30,22.79,23.0,22.6,22.85,39609.0
2019-05-06,22.31,22.35,20.61,20.83,78356.8
2019-05-07,20.98,21.25,20.64,20.93,47899.54
2019-05-08,20.5,21.18,20.12,20.79,46314.82
2019-05-09,20.8,21.39,20.5,20.52,55150.02
2019-05-10,20.82,21.4,20.24,21.3,82999.64
2019-05-13,21.23,22.47,20.85,21.91,82445.94
2019-05-14,21.55,21.8,21.24,21.39,72105.28
2019-05-15,21.6,21.67,21.05,21.45,65933.12
2019-05-16,21.21,21.36,21.06,21.2,48684.54
2019-05-17,21.25,21.47,20.33,20.46,60773.92
2019-05-20,20.25,21.18,20.25,20.7,57587.67
2019-05-21,20.88,21.22,20.48,21.15,66822.04
2019-05-22,21.1,23.16,21.1,22.36,202229.61
2019-05-23,22.0,22.36,21.38,21.51,105224.29
2019-05-24,21.28,21.57,20.8,20.88,65709.6
2019-05-27,20.88,22.26,20.88,21.96,98765.55
2019-05-28,21.94,22.09,21.39,21.76,86914.72
2019-05-29,21.55,21.92,21.34,21.62,61290.02
2019-05-30,21.49,21.5,20.93,21.15,59049.46
2019-05-31,21.18,21.68,21.06,21.26,55910.65
2019-06-03,21.24,21.49,20.7,20.99,57169.81
2019-06-04,20.78,20.8,20.24,20.37,76653.14
2019-06-05,20.6,20.65,20.36,20.48,41567.42
2019-06-06,20.47,20.58,20.02,20.24,40283.91
2019-06-10,20.4,20.66,20.3,20.5,38708.95
2019-06-11,20.55,21.25,20.24,21.15,73930.9
2019-06-12,21.02,21.34,20.7,20.87,63495.41
2019-06-13,20.73,21.14,20.73,20.93,53743.29
2019-06-14,21.3,22.2,21.08,21.16,140648.64
2019-06-17,20.8,21.29,20.53,20.94,72159.26
2019-06-18,20.84,20.99,20.59,20.7,38219.53
2019-06-19,21.2,21.32,20.89,20.93,55592.98
2019-06-20,20.93,21.38,20.68,21.29,82415.48
2019-06-21,21.45,21.79,21.35,21.58,108923.77
2019-06-24,22.22,22.86,21.93,22.58,176997.88
2019-06-25,22.12,22.25,21.57,21.83,104191.08
2019-06-26,21.86,22.11,21.68,21.79,55191.28
2019-06-27,21.89,22.12,21.71,21.77,64907.03
2019-06-28,21.85,21.85,21.16,21.38,53098.88
2019-07-01,21.9,22.31,21.68,22.25,108919.07
2019-07-02,22.2,22.6,22.06,22.34,89901.82
2019-07-03,22.21,22.21,21.82,21.87,59419.86
2019-07-04,21.87,22.12,21.4,21.52,64118.07
2019-07-05,21.52,21.64,21.43,21.58,51296.84
2019-07-08,21.47,21.47,20.58,20.69,67496.21
2019-07-09,20.62,20.79,20.41,20.71,36883.5
2019-07-10,20.75,20.81,20.38,20.46,49072.68
2019-07-11,20.64,20.69,20.32,20.41,38723.04
2019-07-12,20.3,20.58,20.27,20.46,32401.44
2019-07-15,20.31,20.88,20.08,20.88,62316.03
2019-07-16,20.8,20.86,20.61,20.7,31864.27
2019-07-17,20.58,20.81,20.43,20.66,37239.48
2019-07-18,20.45,20.52,20.23,20.31,30232.5
2019-07-19,20.3,20.55,20.3,20.4,24507.17
2019-07-22,20.29,20.43,19.97,20.01,39236.49
2019-07-23,19.84,20.2,19.8,20.17,33428.32
2019-07-24,20.26,20.61,20.12,20.24,62880.18
2019-07-25,20.23,20.45,20.0,20.32,48520.37
2019-07-26,20.29,20.52,20.21,20.46,34671.21
2019-07-29,20.46,20.55,20.22,20.27,30390.72
2019-07-30,20.14,20.47,20.14,20.28,41111.73
2019-07-31,20.15,20.29,20.05,20.08,30544.01
2019-08-01,20.07,20.07,19.8,19.91,49317.1
2019-08-02,19.43,19.59,19.33,19.42,54835.23
2019-08-05,19.28,19.36,18.58,18.59,84381.37
2019-08-06,18.0,18.16,16.95,17.31,135418.2
2019-08-07,17.35,17.53,17.2,17.21,48977.54
2019-08-08,17.4,17.47,17.29,17.34,38109.73
2019-08-09,17.45,17.49,16.99,17.11,44648.12
2019-08-12,17.12,17.5,17.11,17.49,42626.57
2019-08-13,17.36,17.44,17.22,17.38,27328.24
2019-08-14,17.64,17.98,17.6,17.68,59990.79
2019-08-15,17.21,17.74,17.15,17.74,45927.29
2019-08-16,17.74,18.09,17.62,17.81,50047.09
2019-08-19,18.01,18.95,18.0,18.74,93295.05
2019-08-20,18.85,19.28,18.81,18.95,91206.25
2019-08-21,18.9,19.18,18.79,19.04,53823.85
2019-08-22,19.03,19.1,18.71,18.81,42163.38
2019-08-23,18.9,19.17,18.6,18.69,49500.08
2019-08-26,18.15,18.8,18.14,18.6,50712.47
2019-08-27,19.76,20.46,19.19,20.46,280790.22
2019-08-28,20.56,22.08,20.08,21.32,372694.58
2019-08-29,21.26,23.23,21.11,22.42,328348.66
2019-08-30,22.52,23.57,21.81,22.17,309481.89
2019-09-02,22.15,22.5,21.71,22.29,238686.34
2019-09-03,22.35,22.35,21.81,22.02,181642.47
2019-09-04,21.96,22.68,21.86,22.35,206940.77
2019-09-05,22.54,23.97,22.15,23.5,302069.27
2019-09-06,23.54,23.98,23.01,23.24,184115.59
2019-09-09,23.48,25.17,23.11,24.95,280156.0
2019-09-10,24.9,26.8,24.71,26.23,354136.41
2019-09-11,26.04,27.0,25.53,25.7,234540.41
2019-09-12,26.25,26.25,25.36,25.88,125033.44
2019-09-16,25.81,27.4,24.92,26.56,231399.7
2019-09-17,26.19,26.19,24.8,24.97,180426.0
2019-09-18,24.96,25.2,24.17,24.56,126504.66
2019-09-19,24.74,25.15,24.33,25.07,100953.86
2019-09-20,25.0,25.49,24.72,25.12,103165.98
2019-09-23,24.8,25.0,24.18,24.99,102108.51
2019-09-24,24.9,25.35,24.59,24.6,105173.12
2019-09-25,24.51,24.78,23.89,24.03,103196.67
2019-09-26,24.17,24.49,23.33,23.56,114732.96
2019-09-27,23.78,23.98,23.55,23.67,68184.15
2019-09-30,23.69,24.38,23.42,23.48,77704.84
2019-10-08,23.46,23.76,22.7,23.12,72381.69
2019-10-09,23.02,23.45,22.76,23.35,68416.09
2019-10-10,23.53,24.43,23.39,24.31,134398.15
2019-10-11,24.39,26.18,24.1,25.46,259599.45
2019-10-14,25.5,25.98,25.09,25.39,199722.02
2019-10-15,25.26,25.3,23.9,24.03,149403.17
2019-10-16,24.08,24.45,23.5,23.68,106563.89
2019-10-17,23.53,24.07,23.39,23.53,70735.66
2019-10-18,23.66,23.85,22.94,23.29,84652.47
2019-10-21,23.55,23.6,22.62,23.39,65221.2
2019-10-22,23.28,23.56,23.01,23.53,75964.02
2019-10-23,23.31,25.17,23.13,24.95,235516.64
2019-10-24,24.3,24.59,23.19,23.33,175488.54
2019-10-25,23.03,23.1,22.18,22.53,144163.88
2019-10-28,24.58,24.78,23.88,24.78,265558.65
2019-10-29,25.0,25.85,23.74,23.75,343996.48
2019-10-30,23.0,24.31,22.75,23.7,187731.11
2019-10-31,24.02,24.08,22.6,22.61,171319.04
2019-11-01,22.57,23.06,22.31,22.85,98416.07
2019-11-04,22.8,23.29,22.73,22.9,100434.28
2019-11-05,22.99,23.17,22.64,22.92,77556.98
2019-11-06,22.92,23.07,22.27,22.51,79498.36
2019-11-07,22.6,22.79,22.34,22.54,61135.32
2019-11-08,22.71,23.18,22.58,22.71,120680.76
2019-11-11,22.5,22.5,21.23,21.39,141509.76
2019-11-12,21.36,21.58,20.88,21.36,85500.83
2019-11-13,21.34,21.49,20.88,21.05,86638.51
2019-11-14,21.05,21.4,21.02,21.22,68083.76
2019-11-15,21.42,21.95,21.4,21.54,108755.12
2019-11-18,21.4,21.56,21.01,21.47,74192.53
2019-11-19,21.35,22.09,21.16,22.0,101197.46
2019-11-20,21.85,22.13,21.55,21.57,80132.62
2019-11-21,21.46,21.77,21.12,21.45,53405.9
2019-11-22,21.59,21.74,21.07,21.11,66811.3
2019-11-25,21.15,21.23,20.5,20.74,73975.64
2019-11-26,20.9,21.47,20.88,21.47,75017.46
2019-11-27,21.2,21.27,20.81,20.88,63881.8
2019-11-28,20.85,20.98,20.53,20.58,43379.34
2019-11-29,20.5,20.79,20.44,20.74,44349.7
2019-12-02,20.74,20.82,20.5,20.68,44672.48
2019-12-03,20.5,20.6,20.2,20.59,49455.57
2019-12-04,20.47,20.73,20.3,20.68,46622.88
2019-12-05,20.7,21.19,20.62,21.18,79164.53
2019-12-06,20.9,21.3,20.85,21.1,66338.22
2019-12-09,21.1,21.6,20.89,21.4,80986.26
2019-12-10,21.37,21.48,21.05,21.39,67500.63
2019-12-11,21.34,21.76,21.15,21.16,70983.11
2019-12-12,21.16,21.44,20.85,21.21,67859.41
2019-12-13,21.39,22.07,21.28,22.07,163382.26
2019-12-16,21.98,22.64,21.89,22.37,162337.56
2019-12-17,22.44,22.91,22.37,22.68,139040.8
2019-12-18,22.72,22.89,22.43,22.45,114761.12
2019-12-19,22.39,22.69,22.28,22.53,79988.63
2019-12-20,22.57,22.72,22.03,22.15,82810.24
2019-12-23,22.01,22.07,21.19,21.26,82967.08
2019-12-24,21.26,21.45,21.08,21.45,54383.46
2019-12-25,21.44,21.73,21.26,21.58,55641.72
2019-12-26,21.73,23.74,21.63,23.74,298923.84
2019-12-27,24.0,24.55,23.53,23.79,323963.15
2019-12-30,23.45,23.56,22.93,23.43,173844.28
2019-12-31,23.36,23.89,23.21,23.51,153362.35
2020-01-02,23.68,24.38,23.51,24.0,188925.78
2020-01-03,23.99,24.7,23.61,24.0,186971.61
2020-01-06,23.57,24.43,23.3,24.22,192862.8
2020-01-07,24.45,24.56,23.97,24.38,140847.59
2020-01-08,24.1,24.3,23.68,23.76,131924.33
2020-01-09,23.91,25.16,23.91,24.78,226876.25
2020-01-10,24.78,24.88,24.08,24.32,129190.02
2020-01-13,24.32,24.5,23.69,24.45,113456.75
2020-01-14,24.45,24.7,24.01,24.02,103326.64
2020-01-15,23.85,24.23,23.58,24.19,96887.1
2020-01-16,24.19,24.27,23.8,23.9,73088.7
2020-01-17,24.02,24.98,24.02,24.77,224867.41
2020-01-20,24.77,24.97,24.2,24.65,165926.08
2020-01-21,24.65,24.66,23.66,23.71,133596.97
2020-01-22,23.59,23.86,22.85,23.64,127386.31
2020-01-23,23.88,25.37,23.72,24.57,298398.78
2020-02-03,22.11,22.11,22.11,22.11,40851.0
2020-02-04,20.06,22.0,20.06,21.35,255790.37
2020-02-05,21.7,22.66,21.51,22.16,197776.39
2020-02-06,22.23,23.3,22.18,22.91,183590.36
2020-02-07,22.92,23.76,22.65,23.69,185693.7
2020-02-10,24.2,24.66,23.28,23.89,179584.43
2020-02-11,23.75,23.85,22.94,23.11,136372.35
2020-02-12,23.01,23.83,22.89,23.6,202443.19
2020-02-13,23.6,25.85,23.6,25.14,442399.36
2020-02-14,24.82,24.99,24.01,24.18,295119.77
2020-02-17,24.29,25.32,24.14,25.19,319298.93
2020-02-18,25.25,25.48,24.8,25.34,258331.42
2020-02-19,25.26,25.26,24.34,24.53,228630.31
2020-02-20,24.54,25.08,23.97,24.97,224881.66
2020-02-21,25.05,27.38,25.02,26.79,514643.51
2020-02-24,26.2,29.47,26.01,29.0,571797.79
2020-02-25,27.99,28.45,26.3,27.84,478555.93
2020-02-26,27.0,27.8,26.42,26.46,278419.28
2020-02-27,24.51,25.2,23.81,24.3,1394105.28
2020-02-28,23.0,23.33,22.23,22.35,643645.32
2020-03-02,22.34,23.21,21.45,23.02,822105.94
2020-03-03,23.22,24.06,22.71,23.1,845223.69
2020-03-04,22.66,22.84,21.88,22.39,612123.56
2020-03-05,22.73,22.84,22.1,22.65,502623.93
2020-03-06,22.2,22.49,22.1,22.33,313250.5
2020-03-09,21.95,22.8,21.9,22.12,454748.38
2020-03-10,21.93,22.55,21.18,22.55,544639.97
2020-03-11,22.62,22.62,21.75,21.75,489833.51
2020-03-12,21.28,21.67,21.0,21.17,301696.78
2020-03-13,20.0,21.06,19.9,20.7,401972.55
2020-03-16,20.75,21.2,20.01,20.08,346440.95
2020-03-17,20.39,20.65,19.58,20.37,297365.63
2020-03-18,20.51,20.82,20.0,20.02,292568.94
2020-03-19,20.08,20.45,19.67,20.35,256558.16
2020-03-20,20.61,20.67,20.03,20.37,219653.54
2020-03-23,19.8,20.17,19.25,19.36,245529.2
2020-03-24,19.73,19.78,18.8,19.56,263492.51
2020-03-25,19.99,20.08,19.67,19.95,259162.94
2020-03-26,19.7,19.87,19.55,19.62,169760.92
2020-03-27,20.0,20.09,19.68,19.79,219209.28
2020-03-30,19.66,19.67,18.9,19.1,203326.84
2020-03-31,19.28,19.39,18.86,18.93,150396.57
2020-04-01,18.85,19.24,18.7,18.89,166807.02
2020-04-02,18.81,19.39,18.77,19.39,190647.01
2020-04-03,19.35,19.35,18.96,19.05,154592.18
2020-04-07,19.38,19.64,19.34,19.49,269925.3
2020-04-08,19.39,20.45,19.31,20.15,387585.72
2020-04-09,20.1,20.47,20.02,20.16,225498.1
2020-04-10,20.13,20.2,19.5,19.58,192069.88
2020-04-13,19.52,19.52,19.08,19.15,119752.16
2020-04-14,19.3,19.61,19.21,19.61,145821.35
2020-04-15,19.69,19.72,19.29,19.32,153026.51
2020-04-16,19.21,19.6,19.11,19.57,150145.09
2020-04-17,19.94,19.99,19.58,19.65,223489.19
2020-04-20,19.67,20.14,19.55,20.02,267941.31
2020-04-21,19.95,20.6,19.71,20.5,426840.55
2020-04-22,20.3,20.49,20.13,20.4,279600.93
2020-04-23,20.45,20.5,20.05,20.1,208401.52
2020-04-24,19.8,19.8,19.21,19.34,288877.57
2020-04-27,19.35,19.42,19.07,19.1,158660.89
2020-04-28,19.1,19.11,17.75,18.41,301419.05
2020-04-29,18.13,18.49,18.03,18.17,153737.21
2020-04-30,18.23,18.83,18.23,18.66,242723.0
2020-05-06,18.0,18.66,17.9,18.59,301864.87
2020-05-07,18.59,18.93,18.24,18.3,261504.39
2020-05-08,18.31,18.73,18.31,18.6,327849.7
2020-05-11,18.54,18.54,17.75,17.92,724683.52
2020-05-12,17.76,17.76,17.3,17.47,434126.73
2020-05-13,17.29,17.89,17.29,17.83,393094.29
2020-05-14,17.7,17.84,17.51,17.66,217515.89
2020-05-15,17.75,17.79,17.53,17.6,236762.14
2020-05-18,17.59,18.05,17.49,17.59,309444.6
2020-05-19,17.77,17.81,17.45,17.8,227531.74
2020-05-20,17.8,18.95,17.74,18.55,613612.87
2020-05-21,18.5,18.5,17.92,18.13,337363.29
2020-05-22,18.0,18.01,17.45,17.61,233521.54
2020-05-25,17.4,18.36,17.38,17.54,404513.03
2020-05-26,17.5,17.96,17.41,17.89,252942.16
2020-05-27,17.8,17.88,17.55,17.65,196249.5
2020-05-28,17.67,17.73,17.24,17.58,225663.5
2020-05-29,17.48,17.8,17.33,17.8,174216.17
2020-06-01,17.78,18.28,17.73,18.22,328538.86
2020-06-02,18.23,18.3,18.02,18.14,237616.7
2020-06-03,18.2,18.34,18.08,18.1,265184.48
2020-06-04,18.17,18.17,17.68,17.76,256129.76
2020-06-05,17.74,17.98,17.66,17.96,189443.44
2020-06-08,18.36,18.37,17.96,18.03,267517.19
2020-06-09,18.2,18.87,18.09,18.78,524423.93
2020-06-10,18.78,19.15,18.55,19.04,414187.18
2020-06-11,19.05,19.83,18.92,19.37,619130.56
2020-06-12,18.87,19.27,18.81,19.02,420697.04
2020-06-15,18.88,18.88,18.41,18.43,355200.37
2020-06-16,18.61,19.05,18.55,19.05,303744.57
2020-06-17,19.16,19.16,18.75,18.9,222593.64
2020-06-18,18.94,19.05,18.66,18.7,239282.26
2020-06-19,18.77,18.83,18.62,18.67,248669.38
2020-06-22,18.69,18.92,18.66,18.74,258559.96
2020-06-23,18.75,18.85,18.52,18.54,217047.09
2020-06-24,18.6,19.07,18.54,18.89,410797.13
2020-06-29,18.82,18.82,18.1,18.21,357504.02
2020-06-30,18.33,18.43,18.24,18.31,218058.48
2020-07-01,18.33,18.65,18.08,18.47,320505.87
2020-07-02,18.45,19.15,18.35,18.97,581239.13
2020-07-03,19.03,19.54,18.86,19.38,636257.46
2020-07-06,19.6,20.44,19.52,20.22,866591.41
2020-07-07,20.56,20.89,20.1,20.21,885452.54
2020-07-08,20.27,20.69,20.21,20.54,694598.76
2020-07-09,20.8,21.54,20.7,21.25,998864.53
2020-07-10,21.28,21.29,20.58,20.6,721628.66
2020-07-13,20.45,21.68,20.06,21.57,898371.38
2020-07-14,21.6,21.85,20.81,21.13,804195.12
2020-07-15,21.18,21.3,20.13,20.28,584559.6
2020-07-16,20.35,20.56,19.18,19.36,589253.25
2020-07-17,19.25,19.51,18.88,19.08,413390.88
2020-07-20,19.24,19.69,18.98,19.69,391671.08
2020-07-21,19.77,20.22,19.64,19.94,385496.59
2020-07-22,19.8,20.06,19.65,19.73,389698.0
2020-07-23,19.45,19.65,18.96,19.38,390947.27
2020-07-24,19.25,19.71,18.61,18.84,388799.93
2020-07-27,18.85,19.41,18.56,19.3,314221.94
2020-07-28,19.42,19.52,19.03,19.24,217431.27
2020-07-29,19.2,19.67,19.07,19.64,332887.74
2020-07-30,19.65,19.73,19.33,19.37,223853.63
2020-07-31,19.35,19.67,19.18,19.42,265482.9
2020-08-03,19.43,19.98,19.42,19.97,409707.98
2020-08-04,20.04,20.13,19.7,19.8,293036.58
2020-08-05,20.22,20.22,19.78,19.84,318014.09
2020-08-06,19.9,19.93,19.3,19.61,331102.96
2020-08-07,19.52,19.53,18.98,19.15,308558.86
2020-08-10,19.22,19.49,19.21,19.37,224210.19
2020-08-11,19.37,19.48,18.91,18.97,243896.32
2020-08-12,18.98,19.08,18.44,18.82,280672.19
2020-08-13,18.82,18.97,18.76,18.85,164663.64
2020-08-14,18.8,18.99,18.7,18.98,153736.45
2020-08-17,18.99,19.34,18.9,19.33,260713.58
2020-08-18,19.39,19.43,19.11,19.24,194363.67
2020-08-19,19.24,19.25,18.86,18.9,192718.82
2020-08-20,18.8,19.02,18.68,18.81,140674.71
2020-08-21,18.91,19.08,18.8,18.94,135390.24
2020-08-24,18.95,19.17,18.7,19.05,142575.01
2020-08-25,19.1,19.13,18.82,18.86,144393.24
2020-08-26,18.82,18.84,18.27,18.35,241653.6
2020-08-27,18.35,18.63,18.28,18.56,111589.75
2020-08-28,18.49,18.66,18.32,18.66,141546.96
2020-08-31,18.73,19.06,18.61,18.68,311951.31
2020-09-01,18.79,18.95,18.56,18.75,135342.98
2020-09-02,18.68,18.74,18.51,18.65,135729.91
2020-09-03,18.65,18.67,18.3,18.34,179041.85
2020-09-04,18.15,18.32,18.01,18.2,147661.71
2020-09-07,18.3,18.37,17.88,17.92,177953.05
2020-09-08,17.95,18.21,17.85,18.17,133512.06
2020-09-09,18.03,18.03,17.68,17.78,170033.99
2020-09-10,17.95,17.98,17.5,17.5,145205.09
2020-09-11,17.52,17.68,17.34,17.64,102439.9
2020-09-14,17.69,17.92,17.54,17.68,129153.7
2020-09-15,17.72,17.79,17.44,17.53,173527.28
2020-09-16,17.52,17.54,17.3,17.42,139260.91
2020-09-17,17.43,17.68,17.33,17.67,134142.89
2020-09-18,17.64,17.79,17.49,17.79,153308.61
2020-09-21,17.82,17.97,17.76,17.81,117145.29
2020-09-22,17.7,17.72,17.53,17.6,92968.2
2020-09-23,17.62,17.74,17.51,17.67,78487.74
2020-09-24,17.52,17.54,17.07,17.12,173862.72
2020-09-25,17.13,17.23,16.9,17.03,111421.8
2020-09-28,17.0,17.09,16.8,16.8,91148.39
2020-09-29,16.81,17.05,16.8,16.87,77838.65
2020-09-30,16.9,16.96,16.45,16.55,116345.24
2020-10-09,16.76,16.89,16.67,16.8,116124.76
2020-10-12,17.15,17.75,17.12,17.74,289615.56
2020-10-13,17.6,17.63,17.39,17.55,126316.29
2020-10-14,17.56,17.59,17.18,17.22,142447.32
2020-10-15,17.22,17.28,17.05,17.07,86988.01
2020-10-16,17.02,17.18,16.93,17.0,80402.64
2020-10-19,17.15,17.24,16.91,16.99,87928.94
2020-10-20,16.9,17.08,16.86,17.07,71195.21
2020-10-21,17.07,17.08,16.64,16.75,125306.0
2020-10-22,16.75,16.75,16.56,16.74,72732.9
2020-10-23,16.72,16.84,16.61,16.63,81080.3
2020-10-26,16.61,16.61,16.38,16.44,92362.73
2020-10-27,16.43,16.5,16.26,16.29,89742.53
2020-10-28,16.3,16.31,15.88,16.05,141243.31
2020-10-29,15.87,16.05,15.76,16.02,120634.62
2020-10-30,16.05,16.27,15.79,15.81,116445.55
2020-11-02,15.85,15.95,14.99,15.07,273956.23
2020-11-03,15.12,15.63,14.91,15.52,235394.83
2020-11-04,15.41,15.42,15.12,15.27,142205.75
2020-11-05,15.5,15.69,15.26,15.61,167300.93
2020-11-06,15.6,15.71,15.3,15.4,135604.38
2020-11-09,15.5,15.98,15.5,15.87,229135.35
2020-11-10,15.85,15.86,15.51,15.58,159189.6
2020-11-11,15.56,15.56,15.23,15.39,143501.03
2020-11-12,15.4,15.46,15.08,15.13,161559.55
2020-11-13,15.11,15.27,14.96,15.11,155796.97
2020-11-16,15.11,15.25,15.02,15.21,128070.85
2020-11-17,15.17,15.18,14.99,15.05,126589.09
2020-11-18,15.05,15.17,15.02,15.14,109477.42
2020-11-19,15.09,15.11,15.01,15.07,140985.14
2020-11-20,15.05,15.15,15.03,15.1,103918.27
2020-11-23,15.11,15.19,14.94,15.15,172215.73
2020-11-24,15.18,16.67,15.17,16.67,770014.1
2020-11-25,16.77,17.27,16.43,16.99,927875.81
2020-11-26,16.8,16.95,16.26,16.38,504198.31
2020-11-27,16.51,16.66,16.18,16.3,338045.24
2020-11-30,16.3,17.04,16.17,16.6,449676.3
2020-12-01,16.59,16.96,16.31,16.78,354040.0
2020-12-02,16.69,16.72,16.51,16.56,227182.49
2020-12-03,16.6,17.28,16.53,16.89,426714.62
2020-12-04,16.88,17.48,16.71,17.33,412350.62
2020-12-07,17.3,17.3,16.9,16.99,285011.38
2020-12-08,16.98,17.05,16.67,16.74,196576.62
2020-12-09,16.8,17.19,16.51,16.84,313216.45
2020-12-10,16.68,17.08,16.53,16.76,243907.79
2020-12-11,16.77,17.45,16.77,17.25,639059.0
2020-12-14,17.27,17.83,17.11,17.44,475033.52
2020-12-15,17.32,17.69,17.11,17.15,312895.32
2020-12-16,17.06,17.08,16.68,16.83,292289.81
2020-12-17,16.82,17.15,16.65,17.15,230880.12
2020-12-18,17.15,17.18,16.52,16.61,294486.64
2020-12-21,16.64,16.65,16.16,16.37,242602.83
2020-12-22,16.26,16.32,15.5,15.6,385236.39
2020-12-23,15.49,15.86,15.43,15.67,181122.66
2020-12-24,15.62,15.62,15.15,15.19,199887.38
2020-12-25,15.11,15.42,15.1,15.24,143621.65
2020-12-28,15.25,15.66,15.04,15.36,196678.27
2020-12-29,15.37,15.87,15.31,15.71,209154.05
2020-12-30,15.72,15.75,15.4,15.57,135480.84
2020-12-31,15.48,15.88,15.48,15.71,171747.66
2021-01-04,15.64,15.82,15.44,15.73,209185.78
2021-01-05,15.6,15.63,15.24,15.43,248194.88
2021-01-06,16.04,16.97,16.04,16.4,526896.99
2021-01-07,16.31,16.31,15.73,15.93,362462.31
2021-01-08,15.9,17.52,15.83,17.51,1051952.98
2021-01-11,17.29,18.26,17.17,17.75,1029991.75
2021-01-12,17.5,17.74,17.31,17.47,543655.68
2021-01-13,17.6,18.16,17.27,17.85,669379.2
2021-01-14,17.87,18.53,17.51,17.59,747433.7
2021-01-15,17.36,17.71,17.2,17.32,412303.52
2021-01-18,17.32,17.5,17.09,17.28,394941.82
2021-01-19,17.23,17.25,16.61,16.66,500317.47
2021-01-20,16.62,16.92,16.45,16.71,295265.23
2021-01-21,16.7,17.66,16.58,17.6,667371.33
2021-01-22,17.44,17.53,16.97,17.37,374784.02
2021-01-25,17.39,18.03,17.15,17.66,539173.94
2021-01-26,17.53,17.7,17.04,17.05,339553.41
2021-01-27,17.05,17.88,16.95,17.8,478047.2
2021-01-28,17.52,17.72,17.1,17.21,345288.11
2021-01-29,17.35,17.46,16.07,16.27,441331.28
2021-02-01,16.26,16.51,15.85,16.39,252178.32
2021-02-02,16.41,16.55,16.1,16.23,207700.3
2021-02-03,16.15,16.22,15.63,15.65,268649.79
2021-02-04,15.4,15.75,15.13,15.64,270807.39
2021-02-05,15.6,15.91,15.43,15.5,186330.29
2021-02-08,15.55,16.04,15.45,15.79,174231.0
2021-02-09,15.8,16.17,15.68,16.01,193383.04
2021-02-10,16.06,16.39,15.93,16.27,185463.24
2021-02-18,16.51,16.58,16.19,16.29,246036.03
2021-02-19,16.15,16.68,16.04,16.68,271883.19
2021-02-22,16.59,16.6,16.3,16.32,332619.22
2021-02-23,16.12,16.25,15.77,15.82,283168.44
2021-02-24,15.79,16.24,15.76,15.96,250035.61
2021-02-25,16.15,16.19,15.51,15.6,266319.29
2021-02-26,15.48,16.17,15.35,16.1,334094.83
2021-03-01,16.1,16.24,15.65,15.88,387740.62
2021-03-02,15.93,15.93,15.5,15.6,258141.57
2021-03-03,15.49,15.67,15.27,15.67,301347.09
2021-03-04,15.59,16.1,15.43,15.74,391733.21
2021-03-05,15.65,15.73,15.45,15.64,286622.46
2021-03-08,15.71,15.89,15.31,15.32,374342.37
2021-03-09,15.3,15.42,14.78,14.81,363190.45
2021-03-10,14.93,14.99,14.27,14.33,363386.23
2021-03-11,14.33,14.49,14.15,14.45,237371.39
2021-03-12,14.45,14.46,14.05,14.29,225919.38
2021-03-15,14.29,14.3,14.01,14.07,164965.27
2021-03-16,13.66,14.07,13.46,14.02,272792.87
2021-03-17,13.86,14.03,13.78,13.98,139343.12
2021-03-18,14.0,14.11,13.9,13.97,126783.99
2021-03-19,13.86,13.92,13.75,13.75,134164.22
2021-03-22,13.79,14.02,13.79,13.93,128044.37
2021-03-23,13.94,14.15,13.9,13.99,202100.18
2021-03-24,13.9,13.97,13.8,13.87,136135.87
2021-03-25,13.8,14.16,13.77,13.92,188450.12
2021-03-26,13.89,13.93,13.61,13.89,304750.16
2021-03-29,13.85,14.02,13.81,13.86,148184.42
2021-03-30,13.91,14.19,13.83,14.06,202066.14
2021-03-31,14.08,14.08,13.92,13.92,121653.55
2021-04-01,13.94,14.05,13.85,13.97,102711.51
2021-04-02,13.97,14.09,13.91,14.02,123983.52
2021-04-06,14.0,14.32,13.96,14.27,183002.22
2021-04-07,14.28,14.28,14.07,14.17,145463.04
2021-04-08,14.17,14.22,14.0,14.01,152123.98
2021-04-09,14.0,14.01,13.77,13.84,151289.04
2021-04-12,13.9,13.9,13.61,13.61,127363.93
2021-04-13,13.62,13.72,13.53,13.57,124894.98
2021-04-14,13.55,13.85,13.55,13.82,127504.57
2021-04-15,13.8,13.84,13.66,13.84,87433.21
2021-04-16,13.87,14.04,13.81,13.95,126422.67
2021-04-19,13.95,14.66,13.91,14.27,334776.4
2021-04-20,14.23,14.23,14.06,14.1,202652.07
2021-04-21,14.06,14.06,13.95,13.97,147612.08
2021-04-22,13.5,13.71,13.18,13.18,558938.11
2021-04-23,13.28,13.29,12.98,13.05,242179.88
2021-04-26,13.05,13.15,12.91,12.93,198931.65
2021-04-27,13.18,13.34,13.06,13.09,238434.68
2021-04-28,13.05,13.05,12.64,12.71,279761.1
2021-04-29,12.8,13.04,12.77,12.89,198379.09
2021-04-30,12.88,12.91,12.59,12.61,208783.83
2021-05-06,12.62,12.72,12.45,12.46,196082.47
2021-05-07,12.51,12.59,12.46,12.49,153015.4
2021-05-10,12.57,12.95,12.45,12.94,287420.93
2021-05-11,13.02,13.02,12.54,12.68,339161.44
2021-05-12,12.5,12.5,11.94,12.17,434374.14
2021-05-13,12.07,12.33,12.01,12.05,286223.21
2021-05-14,12.06,12.09,11.82,11.95,436000.07
2021-05-17,11.9,12.23,11.86,12.0,441178.11
2021-05-18,12.02,12.03,11.72,11.95,348257.81
2021-05-19,11.91,12.35,11.79,12.19,468836.59
2021-05-20,12.05,12.3,12.03,12.14,297431.93
2021-05-21,12.21,12.25,11.97,12.02,248457.4
2021-05-24,12.0,12.25,11.89,12.19,271696.43
2021-05-25,12.2,12.33,12.16,12.28,386186.96
2021-05-26,12.25,12.47,12.21,12.24,351012.45
2021-05-27,12.25,12.46,12.18,12.44,402882.06
2021-05-28,12.35,12.41,12.11,12.17,348901.0
2021-05-31,12.19,12.37,12.16,12.25,241613.51
2021-06-01,12.3,12.49,12.19,12.44,418050.08
2021-06-02,12.45,12.49,12.11,12.13,377427.71
2021-06-03,12.13,12.18,11.91,11.93,390628.09
2021-06-04,11.9,11.96,11.79,11.85,328234.96
2021-06-07,11.87,11.96,11.75,11.85,355662.52
2021-06-08,11.85,12.07,11.69,12.0,636204.74
2021-06-09,12.06,12.17,11.86,11.9,457758.45
2021-06-10,11.86,13.09,11.83,13.09,2077137.5
2021-06-11,13.09,13.22,12.68,12.7,1806533.68
2021-06-15,12.82,12.95,12.46,12.5,807950.86
2021-06-16,12.49,12.59,12.29,12.46,710847.39
2021-06-17,12.54,12.65,12.3,12.4,771361.85
2021-06-18,12.4,12.44,11.98,12.07,799150.31
2021-06-21,12.01,12.29,11.95,12.12,526683.01
2021-06-22,12.1,12.17,11.97,12.04,453801.78
2021-06-23,12.05,12.28,11.96,12.2,594066.89
2021-06-24,12.15,12.16,12.02,12.05,343294.7
2021-06-25,12.03,12.05,11.84,12.01,455964.8
2021-06-28,12.01,12.48,11.95,12.29,679436.59
2021-06-29,12.28,12.75,12.18,12.39,842543.39
2021-06-30,12.3,12.46,12.16,12.21,457593.57
2021-07-01,12.21,12.45,12.18,12.21,473749.86
2021-07-02,12.16,12.16,11.8,11.82,617327.51
2021-07-05,12.05,12.45,12.01,12.05,445424.71
2021-07-06,11.91,12.75,11.87,12.42,930271.98
2021-07-07,12.3,12.53,12.22,12.36,447707.52
2021-07-08,12.36,12.87,12.15,12.63,867273.9
2021-07-09,12.5,13.08,12.5,12.61,1092889.09
2021-07-12,12.77,13.72,12.64,13.52,1845839.98
2021-07-13,13.58,13.64,13.01,13.07,1514254.37
2021-07-14,13.1,13.34,12.93,13.05,930327.3
2021-07-15,12.9,12.95,12.64,12.88,698543.95
2021-07-16,12.8,13.11,12.79,12.97,585215.66
2021-07-19,12.88,12.97,12.51,12.96,579281.71
2021-07-20,12.78,12.94,12.72,12.74,383104.97
2021-07-21,12.86,13.15,12.82,12.97,662742.86
2021-07-22,12.94,13.13,12.75,12.87,580491.95
2021-07-23,12.79,12.81,12.56,12.56,568110.93
2021-07-26,12.52,12.58,12.08,12.25,594104.09
2021-07-27,12.26,12.46,12.14,12.16,480540.65
2021-07-28,12.33,12.34,11.59,11.78,538808.61
2021-07-29,11.93,12.0,11.83,11.93,405777.66
2021-07-30,11.83,11.96,11.62,11.94,413535.97
2021-08-02,11.9,12.4,11.89,12.3,501582.34
2021-08-03,12.23,12.42,12.17,12.26,406800.74
2021-08-04,12.2,12.5,12.1,12.38,439772.51
2021-08-05,12.32,12.33,12.05,12.09,378435.89
2021-08-06,12.08,12.24,12.01,12.18,263744.32
2021-08-09,12.11,12.39,12.06,12.36,316266.16
2021-08-10,12.36,12.38,12.23,12.34,287398.86
2021-08-11,12.29,12.33,12.14,12.16,347832.96
2021-08-12,12.21,12.45,12.16,12.24,406087.22
2021-08-13,12.27,12.31,11.98,12.04,437782.57
2021-08-16,12.11,12.18,11.95,12.15,361518.4
2021-08-17,12.13,12.33,12.01,12.06,434968.36
2021-08-18,12.0,12.06,11.89,12.04,330916.2
2021-08-19,12.0,12.19,11.98,12.02,268776.41
2021-08-20,12.01,12.05,11.79,11.83,353415.45
2021-08-23,11.88,12.04,11.87,11.99,282865.92
2021-08-24,12.0,12.2,11.95,12.11,300990.7
2021-08-25,12.18,12.38,12.03,12.27,532836.84
2021-08-26,12.23,12.25,11.94,11.96,450161.07
2021-08-27,11.98,11.98,11.73,11.78,432127.23
2021-08-30,11.86,11.95,11.64,11.66,392100.92
2021-08-31,11.8,11.94,11.73,11.9,427203.99
2021-09-01,11.85,12.16,11.8,12.08,449341.88
2021-09-02,12.11,12.16,11.97,12.07,339325.15
2021-09-03,12.13,12.24,12.08,12.18,418171.61
2021-09-06,12.15,12.26,12.08,12.19,376723.45
2021-09-07,12.19,12.68,12.11,12.5,850657.34
2021-09-08,12.43,12.88,12.41,12.74,707048.43
2021-09-09,12.65,12.66,12.4,12.47,540683.05
2021-09-10,12.44,12.65,12.37,12.38,451909.65
2021-09-13,12.69,12.75,12.49,12.54,492359.59
2021-09-14,12.51,12.79,12.43,12.49,614990.17
2021-09-15,12.51,12.58,12.38,12.44,324116.79
2021-09-16,12.5,12.75,12.45,12.55,514671.78
2021-09-17,12.55,12.62,12.23,12.35,412150.12
2021-09-22,12.17,12.24,12.02,12.09,371311.85
2021-09-23,12.11,12.2,12.07,12.12,304076.75
2021-09-24,12.14,12.2,11.8,11.83,468895.63
2021-09-27,11.9,12.05,11.71,11.97,419200.25
2021-09-28,11.95,11.97,11.82,11.96,200982.23
2021-09-29,11.85,11.91,11.74,11.8,264244.18
2021-09-30,11.84,11.94,11.81,11.88,186639.72
2021-10-08,12.0,12.07,11.96,12.01,259638.94
2021-10-11,12.07,12.12,11.95,11.98,220736.62
2021-10-12,11.96,11.97,11.75,11.81,280445.71
2021-10-13,11.82,11.89,11.73,11.88,183557.29
2021-10-14,11.87,12.06,11.78,11.93,257177.03
2021-10-15,11.95,12.06,11.86,11.88,247023.75
2021-10-18,11.83,11.84,11.68,11.77,251329.95
2021-10-19,12.17,12.34,11.97,11.99,753721.03
2021-10-20,11.86,11.96,11.75,11.8,465872.99
2021-10-21,11.8,11.83,11.72,11.8,266811.89
2021-10-22,11.82,11.91,11.76,11.82,282635.9
2021-10-25,11.91,11.95,11.77,11.86,256312.31
2021-10-26,12.0,12.35,11.89,11.95,641969.81
2021-10-27,11.93,12.18,11.73,12.18,586152.02
2021-10-28,12.01,12.14,11.89,11.91,405980.68
2021-10-29,11.95,12.11,11.81,12.04,370610.85
2021-11-01,12.04,12.06,11.95,11.97,288586.98
2021-11-02,12.05,12.57,11.96,12.33,1024603.75
2021-11-03,12.23,12.39,12.16,12.27,497551.62
2021-11-04,12.37,12.48,12.24,12.34,587964.87
2021-11-05,12.31,12.44,12.21,12.26,540987.24
2021-11-08,12.23,12.24,12.03,12.06,446044.08
2021-11-09,12.3,12.84,12.2,12.4,1176771.64
2021-11-10,12.25,12.59,12.25,12.43,759414.04
2021-11-11,12.35,12.49,12.32,12.41,511279.88
2021-11-12,12.41,12.48,12.33,12.33,477394.41
2021-11-15,12.34,12.47,12.26,12.37,488155.42
2021-11-16,12.31,12.35,12.15,12.18,543513.2
2021-11-17,12.2,12.26,12.16,12.22,378153.92
2021-11-18,12.26,12.28,11.92,11.93,642270.0
2021-11-19,11.88,12.03,11.88,12.01,361419.58
2021-11-22,11.97,12.02,11.92,12.0,364307.8
2021-11-23,11.98,12.01,11.9,11.96,308899.48
2021-11-24,11.95,12.02,11.88,11.96,335446.08
2021-11-25,11.97,12.15,11.91,12.04,505309.48
2021-11-26,12.01,12.03,11.91,11.94,326838.8
2021-11-29,11.8,11.92,11.76,11.89,292518.13
2021-11-30,11.89,12.07,11.89,11.96,442012.08
2021-12-01,12.0,12.23,11.98,12.13,483436.82
2021-12-02,12.1,12.22,12.04,12.09,352657.35
2021-12-03,12.14,12.33,12.09,12.26,562788.06
2021-12-06,12.3,12.44,12.17,12.21,634065.74
2021-12-07,12.28,12.39,12.16,12.21,409899.01
2021-12-08,12.21,12.25,12.1,12.22,380387.56
2021-12-09,12.18,12.38,12.18,12.32,538673.15
2021-12-10,12.28,12.32,12.21,12.21,487621.96
2021-12-13,12.24,12.43,12.23,12.4,655435.64
2021-12-14,12.35,12.39,12.2,12.23,503556.52
2021-12-15,12.2,12.31,12.15,12.16,425866.26
2021-12-16,12.17,12.24,12.14,12.23,339931.99
2021-12-17,12.18,12.21,12.03,12.04,431793.13
2021-12-20,11.99,12.04,11.88,11.9,388408.02
2021-12-21,11.91,12.05,11.91,12.02,338875.83
2021-12-22,12.06,12.71,12.0,12.39,1202474.56
2021-12-23,12.35,12.46,12.26,12.28,562086.82
2021-12-24,12.28,12.52,12.2,12.43,663168.02
2021-12-27,12.42,12.51,12.3,12.38,406302.77
2021-12-28,12.43,12.54,12.37,12.47,590040.52
2021-12-29,12.54,12.58,12.38,12.51,470047.03
2021-12-30,12.54,12.78,12.46,12.5,745055.04
2021-12-31,12.4,12.94,12.38,12.72,1049690.38
2022-01-04,12.71,12.92,12.7,12.83,781421.12
2022-01-05,12.8,12.94,12.73,12.84,636097.45
2022-01-06,12.82,12.88,12.55,12.78,747647.18
2022-01-07,12.75,13.08,12.69,12.7,693019.73
2022-01-10,12.68,12.75,12.49,12.65,527708.7
2022-01-11,12.6,12.7,12.39,12.44,582756.47
2022-01-12,12.44,12.53,12.4,12.53,425679.0
2022-01-13,12.52,12.55,12.32,12.33,504441.89
2022-01-14,12.28,12.37,12.23,12.29,346388.8
2022-01-17,12.35,12.59,12.34,12.54,633392.41
2022-01-18,12.56,12.81,12.48,12.55,979337.83
2022-01-19,12.56,12.73,12.51,12.62,616035.71
2022-01-20,12.64,12.67,12.44,12.57,483288.7
2022-01-21,12.5,12.55,12.25,12.29,494189.53
2022-01-24,12.25,12.36,12.01,12.05,565249.79
2022-01-25,12.03,12.11,11.47,11.49,856339.86
2022-01-26,11.49,11.56,10.7,10.94,1146700.01
2022-01-27,10.91,10.94,10.43,10.45,697052.47
2022-01-28,10.53,10.58,10.33,10.44,467903.77
2022-02-07,10.49,10.65,10.3,10.58,515460.86
2022-02-08,10.51,10.76,10.48,10.75,383706.18
2022-02-09,10.77,10.94,10.75,10.83,434832.41
2022-02-10,10.84,10.93,10.73,10.86,298533.31
2022-02-11,10.81,10.88,10.66,10.75,349101.45
2022-02-14,10.66,10.74,10.55,10.61,290574.34
2022-02-15,10.64,10.72,10.57,10.67,234215.64
2022-02-16,10.89,10.99,10.73,10.77,341867.07
2022-02-17,10.73,10.76,10.64,10.66,255293.05
2022-02-18,10.63,10.85,10.63,10.8,323552.64
2022-02-21,10.79,11.04,10.75,11.01,484764.51
2022-02-22,10.9,10.91,10.73,10.79,376250.53
2022-02-23,10.79,10.86,10.75,10.86,261964.83
2022-02-24,10.78,10.8,10.32,10.44,623611.05
2022-02-25,10.53,10.61,10.45,10.48,286998.08
2022-02-28,10.53,10.58,10.38,10.46,427615.75
2022-03-01,10.5,10.52,10.38,10.49,340844.29
2022-03-02,10.44,10.95,10.4,10.85,742958.22
2022-03-03,10.8,10.83,10.7,10.71,431965.23
2022-03-04,10.66,10.86,10.64,10.75,392487.12
2022-03-07,10.74,10.74,10.44,10.53,366528.12
2022-03-08,10.53,10.84,10.41,10.54,478378.16
2022-03-09,10.73,10.78,10.0,10.63,648227.28
2022-03-10,10.72,10.78,10.59,10.63,425660.46
2022-03-11,10.44,10.56,10.26,10.51,458166.45
2022-03-14,10.33,10.44,10.2,10.2,349705.2
2022-03-15,10.11,10.13,9.52,9.61,676381.84
2022-03-16,9.75,9.86,9.38,9.79,547368.47
2022-03-17,9.86,10.24,9.85,10.05,634084.42
2022-03-18,10.0,10.18,9.96,10.18,446922.01
2022-03-21,10.18,10.19,9.96,10.06,342600.16
2022-03-22,10.03,10.3,9.97,10.23,421666.97
2022-03-23,10.18,10.23,10.08,10.12,298448.02
2022-03-24,10.1,10.1,9.96,9.97,260357.11
2022-03-25,10.0,10.04,9.94,9.94,203719.61
2022-03-28,9.9,10.04,9.76,9.99,269517.02
2022-03-29,9.98,9.98,9.83,9.89,224843.31
2022-03-30,9.93,10.05,9.88,10.03,251728.99
2022-03-31,10.0,10.08,9.97,9.98,232225.26
2022-04-01,9.94,10.03,9.86,10.0,230245.77
2022-04-06,9.95,10.08,9.89,9.99,237199.29
2022-04-07,9.97,9.98,9.69,9.7,338343.6
2022-04-08,9.69,9.73,9.51,9.65,267505.87
2022-04-11,9.61,9.62,9.2,9.22,379681.25
2022-04-12,9.2,9.41,9.13,9.41,284649.57
2022-04-13,9.35,9.4,9.26,9.28,202113.88
2022-04-14,9.34,9.38,9.28,9.31,179526.32
2022-04-15,9.25,9.26,9.13,9.16,233921.97
2022-04-18,9.15,9.16,8.93,9.15,232613.71
2022-04-19,9.1,9.26,9.06,9.12,177740.6
2022-04-20,9.19,9.25,8.93,8.98,296793.16
2022-04-21,8.9,8.99,8.67,8.73,361395.7
2022-04-22,8.7,8.72,8.43,8.52,425016.94
2022-04-25,8.38,8.39,7.98,8.0,553152.55
2022-04-26,8.0,8.12,7.77,7.78,453526.44
2022-04-27,7.59,7.99,7.52,7.93,452967.66
2022-04-28,7.88,7.96,7.76,7.87,301786.72
2022-04-29,7.95,8.24,7.95,8.19,510720.86
2022-05-05,8.1,8.27,8.07,8.19,317022.17
2022-05-06,8.01,8.32,7.95,8.17,393882.3
2022-05-09,8.08,8.23,8.06,8.19,247285.99
2022-05-10,8.05,8.25,8.02,8.22,297113.11
2022-05-11,8.23,8.38,8.21,8.21,506262.81
2022-05-12,8.13,8.27,8.11,8.24,327017.96
2022-05-13,8.25,8.29,8.15,8.23,252737.55
2022-05-16,8.28,8.3,8.08,8.11,291327.08
2022-05-17,8.13,8.15,7.96,8.14,355495.04
2022-05-18,8.37,8.78,8.3,8.33,1072091.78
2022-05-19,8.16,8.22,8.08,8.2,529185.74
2022-05-20,8.22,8.33,8.22,8.3,411991.38
2022-05-23,8.32,8.42,8.27,8.38,393626.51
2022-05-24,8.34,8.39,7.99,7.99,457769.63
2022-05-25,7.98,8.14,7.98,8.13,332090.16
2022-05-26,8.14,8.26,8.02,8.2,358210.73
2022-05-27,8.25,8.3,8.12,8.16,280967.74
2022-05-30,8.18,8.22,8.09,8.13,297993.25
2022-05-31,8.19,8.31,8.13,8.28,465969.16
2022-06-01,8.25,8.4,8.21,8.28,376588.18
2022-06-02,8.23,8.38,8.16,8.37,409693.12
2022-06-06,8.36,8.48,8.32,8.47,528713.21
2022-06-07,8.47,8.55,8.36,8.43,438430.7
2022-06-08,8.42,8.55,8.34,8.45,511379.51
2022-06-09,8.45,8.49,8.26,8.31,352572.01
2022-06-10,8.27,8.41,8.25,8.4,352089.54
2022-06-13,8.31,8.37,8.23,8.32,382922.2
2022-06-14,8.25,8.32,8.04,8.3,578980.98
2022-06-15,8.25,8.48,8.21,8.36,796469.83
2022-06-16,8.36,8.64,8.36,8.51,759112.18
2022-06-17,8.41,8.43,8.24,8.37,551357.9
2022-06-20,8.39,8.42,8.3,8.38,395169.39
2022-06-21,8.37,8.46,8.28,8.35,416006.92
2022-06-22,8.35,8.36,8.14,8.15,432497.87
2022-06-23,8.21,8.33,8.15,8.32,447459.24
2022-06-24,8.38,8.47,8.34,8.4,474443.06
2022-06-27,8.38,8.42,8.26,8.31,546446.23
2022-06-28,8.31,8.49,8.23,8.48,696324.17
2022-06-29,8.43,8.71,8.42,8.49,1147691.04
2022-06-30,8.58,8.63,8.46,8.52,686340.13
2022-07-01,8.5,8.57,8.4,8.44,432475.65
2022-07-04,8.5,8.52,8.38,8.42,459268.33
2022-07-05,8.43,8.45,8.17,8.26,642859.14
2022-07-06,8.24,8.26,8.06,8.11,524858.58
2022-07-07,8.13,8.15,8.08,8.11,288241.95
2022-07-08,8.12,8.22,8.11,8.13,337019.73
2022-07-11,8.11,8.11,7.93,7.96,495582.02
2022-07-12,7.97,7.98,7.91,7.92,266838.42
2022-07-13,7.94,7.96,7.9,7.92,285641.57
2022-07-14,7.91,7.94,7.85,7.87,268569.61
2022-07-15,7.35,7.55,7.28,7.33,1066063.86
2022-07-18,7.32,7.44,7.29,7.41,450886.4
2022-07-19,7.39,7.51,7.37,7.5,400547.1
2022-07-20,7.5,7.54,7.46,7.47,357484.66
2022-07-21,7.45,7.66,7.44,7.56,605910.66
2022-07-22,7.55,7.6,7.41,7.47,315137.23
2022-07-25,7.48,7.49,7.35,7.37,312428.05
2022-07-26,7.36,7.42,7.36,7.4,212841.84
2022-07-27,7.4,7.41,7.35,7.38,221794.7
2022-07-28,7.41,7.52,7.4,7.48,354116.22
2022-07-29,7.48,7.52,7.38,7.39,280347.01
2022-08-01,7.39,7.44,7.35,7.43,224894.58
2022-08-02,7.35,7.35,6.99,7.05,655679.4
2022-08-03,7.05,7.27,7.05,7.12,467023.95
2022-08-04,7.14,7.24,7.13,7.23,285464.46
2022-08-05,7.25,7.61,7.23,7.57,800744.95
2022-08-08,7.57,7.79,7.51,7.76,671674.64
2022-08-09,7.74,7.82,7.59,7.73,498891.49
2022-08-10,7.66,7.77,7.65,7.66,309324.3
2022-08-11,7.72,7.85,7.71,7.8,397062.98
2022-08-12,7.81,7.84,7.72,7.76,312844.0
2022-08-15,7.74,7.74,7.61,7.65,317685.5
2022-08-16,7.7,7.72,7.55,7.6,290538.99
2022-08-17,7.6,7.65,7.51,7.62,270746.0
2022-08-18,7.6,7.61,7.5,7.56,264553.56
2022-08-19,7.55,7.71,7.48,7.49,345881.02
2022-08-22,7.45,7.54,7.36,7.51,237750.28
2022-08-23,7.49,7.51,7.43,7.45,191178.59
2022-08-24,7.45,7.49,7.24,7.24,368691.5
2022-08-25,7.24,7.31,7.15,7.29,286861.65
2022-08-26,7.29,7.44,7.27,7.3,336862.74
2022-08-29,7.21,7.26,7.14,7.22,279470.32
2022-08-30,7.21,7.42,7.19,7.32,285091.14
2022-08-31,7.28,7.39,7.24,7.32,285798.14
2022-09-01,7.29,7.39,7.26,7.26,257449.26
2022-09-02,7.28,7.41,7.27,7.38,265292.99
2022-09-05,7.36,7.64,7.28,7.51,638883.95
2022-09-06,7.62,7.65,7.47,7.53,594092.73
2022-09-07,7.49,7.52,7.44,7.48,301339.81
2022-09-08,7.49,7.52,7.39,7.39,270341.03
2022-09-09,7.43,7.51,7.4,7.5,289493.73
2022-09-13,7.53,7.61,7.5,7.54,329837.42
2022-09-14,7.43,7.51,7.4,7.5,243743.1
2022-09-15,7.53,7.75,7.46,7.53,614875.42
2022-09-16,7.5,7.9,7.48,7.61,1086158.46
2022-09-19,7.61,7.62,7.12,7.13,818263.49
2022-09-20,7.18,7.27,7.1,7.13,348324.78
2022-09-21,7.07,7.12,6.85,7.09,530526.8
2022-09-22,6.99,7.2,6.97,7.06,319820.86
2022-09-23,7.12,7.2,6.99,6.99,337311.0
2022-09-26,6.9,6.91,6.63,6.67,590077.03
2022-09-27,6.67,6.78,6.64,6.77,289088.56
2022-09-28,6.77,6.78,6.62,6.63,276014.0
2022-09-29,6.69,6.73,6.51,6.55,307197.72
2022-09-30,6.49,6.62,6.49,6.5,258415.46
2022-10-10,6.5,6.52,6.34,6.34,361263.19
2022-10-11,6.36,6.43,6.3,6.38,199227.54
2022-10-12,6.38,6.6,6.35,6.59,351595.95
2022-10-13,6.55,6.83,6.54,6.7,553208.64
2022-10-14,6.72,6.87,6.7,6.82,454843.63
2022-10-17,6.79,7.18,6.76,7.01,580539.76
2022-10-18,7.0,7.0,6.9,6.97,340640.56
2022-10-19,6.98,7.0,6.9,6.91,191930.51
2022-10-20,6.87,7.04,6.85,6.94,313783.02
2022-10-21,6.94,7.01,6.88,6.94,226981.1
2022-10-24,6.96,7.06,6.81,6.83,426443.29
2022-10-25,6.8,6.89,6.68,6.78,320254.71
2022-10-26,6.79,7.12,6.79,7.05,556974.96
2022-10-27,7.05,7.28,7.01,7.18,556976.25
2022-10-28,6.85,6.98,6.75,6.77,598522.0
2022-10-31,6.79,7.22,6.78,7.08,759319.25
2022-11-01,7.16,7.18,6.98,7.12,471730.65
2022-11-02,7.08,7.14,7.04,7.13,390981.95
2022-11-03,7.05,7.1,6.92,6.99,368331.04
2022-11-04,6.99,7.1,6.94,7.06,360430.01
2022-11-07,7.06,7.24,7.02,7.09,396121.08
2022-11-08,7.07,7.24,6.96,7.21,594678.94
2022-11-09,7.17,7.18,7.07,7.09,367851.59
2022-11-10,7.05,7.17,7.01,7.1,347701.27
2022-11-11,7.2,7.24,7.06,7.06,591820.45
2022-11-14,7.03,7.29,6.98,7.21,716172.87
2022-11-15,7.19,7.29,7.15,7.27,555216.99
2022-11-16,7.27,7.39,7.2,7.22,454971.57
2022-11-17,7.28,7.42,7.17,7.4,593484.62
2022-11-18,7.36,7.45,7.24,7.26,536367.64
2022-11-21,7.21,7.24,7.01,7.06,552155.73
2022-11-22,7.07,7.11,6.97,6.98,366963.1
2022-11-23,6.98,7.0,6.85,6.89,370907.0
2022-11-24,6.9,6.94,6.82,6.84,276490.8
2022-11-25,6.86,6.89,6.84,6.86,219383.01
2022-11-28,6.77,6.79,6.67,6.72,422136.44
2022-11-29,6.71,6.88,6.71,6.86,384283.28
2022-11-30,6.86,6.91,6.84,6.89,286680.5
2022-12-01,6.91,7.03,6.91,7.01,402804.55
2022-12-02,6.98,7.19,6.96,7.14,564989.35
2022-12-05,7.18,7.21,7.13,7.18,422432.64
2022-12-06,7.19,7.21,7.12,7.15,275928.66
2022-12-07,7.13,7.14,7.03,7.07,299967.57
2022-12-08,7.04,7.06,6.96,6.98,269070.4
2022-12-09,6.99,7.0,6.9,6.95,290340.42
2022-12-12,6.93,7.01,6.91,6.97,258391.7
2022-12-13,6.96,6.97,6.83,6.86,250569.14
2022-12-14,6.88,6.93,6.84,6.86,203698.11
2022-12-15,6.83,6.96,6.83,6.87,227470.42
2022-12-16,6.81,6.85,6.75,6.8,264045.27
2022-12-19,6.8,6.82,6.57,6.59,336696.26
2022-12-20,6.6,6.68,6.52,6.55,327651.51
2022-12-21,6.55,6.57,6.45,6.48,239895.26
2022-12-22,6.5,6.58,6.45,6.47,266822.46
2022-12-23,6.47,6.62,6.46,6.58,240032.14
2022-12-26,6.58,6.59,6.49,6.53,235681.96
2022-12-27,6.56,6.56,6.47,6.54,176480.27
2022-12-28,6.5,6.52,6.4,6.41,263765.34
2022-12-29,6.39,6.54,6.38,6.48,246343.02
2022-12-30,6.5,6.56,6.48,6.54,178429.99
2023-01-03,6.54,6.75,6.5,6.74,395655.22
2023-01-04,6.74,6.8,6.71,6.8,372649.04
2023-01-05,6.8,6.81,6.75,6.78,210570.33
2023-01-06,6.77,6.79,6.71,6.73,191052.85
2023-01-09,6.73,6.81,6.73,6.75,176321.51
2023-01-10,6.75,6.83,6.7,6.8,233782.71
2023-01-11,6.78,6.79,6.66,6.67,234215.41
2023-01-12,6.68,6.75,6.62,6.7,195174.0
2023-01-13,6.7,6.73,6.67,6.72,148627.51
2023-01-16,6.76,6.89,6.76,6.85,490812.12
2023-01-17,6.86,6.87,6.76,6.8,233206.09
2023-01-18,6.81,6.98,6.78,6.95,382627.22
2023-01-19,6.9,7.07,6.9,7.04,381431.17
2023-01-20,7.04,7.09,6.99,7.04,352812.34
2023-01-30,7.11,7.16,7.06,7.11,433686.08
2023-01-31,7.07,7.1,6.97,7.0,456708.47
2023-02-01,7.01,7.2,7.0,7.19,616130.65
2023-02-02,7.19,7.23,7.13,7.14,416037.46
2023-02-03,7.13,7.33,7.06,7.27,618841.86
2023-02-06,7.23,7.41,7.2,7.29,683763.46
2023-02-07,7.25,8.02,7.19,8.02,1313617.79
2023-02-08,8.82,8.82,8.82,8.82,347092.81
2023-02-09,9.7,9.7,9.26,9.7,4496077.78
2023-02-10,9.9,10.16,9.31,9.37,6009743.89
2023-02-13,9.26,9.88,9.25,9.69,4482778.3
2023-02-14,9.73,10.66,9.72,10.18,4852687.48
2023-02-15,10.34,11.2,10.05,11.2,5834653.74
2023-02-16,11.0,11.58,10.68,10.84,5469704.57
2023-02-17,10.73,10.92,9.97,10.01,3986990.58
2023-02-20,10.11,11.01,10.02,11.01,4036655.0
2023-02-21,11.31,12.1,11.01,11.88,5936995.03
2023-02-22,11.8,11.84,11.2,11.65,4045004.73
2023-02-23,11.68,11.83,11.14,11.19,3962152.03
2023-02-24,11.3,11.97,10.98,11.72,4416281.88
2023-02-27,11.4,11.57,10.61,10.76,4293263.4
2023-02-28,10.89,10.9,10.36,10.79,3329407.08
2023-03-01,10.69,11.58,10.63,11.31,4358718.56
2023-03-02,11.15,11.81,11.09,11.53,4176076.11
2023-03-03,11.1,11.96,10.91,11.66,4479996.07
2023-03-06,11.55,11.58,11.12,11.36,2589273.39
2023-03-07,11.35,11.55,10.98,11.06,2434090.36
2023-03-08,10.99,11.57,10.86,11.57,3769027.72
2023-03-09,11.45,11.56,11.21,11.34,2229303.81
2023-03-10,11.02,11.52,10.97,10.98,2362641.39
2023-03-13,10.88,11.99,10.88,11.8,3860641.27
2023-03-14,11.79,12.55,11.78,12.17,5201930.82
2023-03-15,12.11,12.2,11.47,11.51,3856790.22
2023-03-16,11.45,12.66,11.06,12.2,5408517.75
2023-03-17,12.31,13.38,12.15,13.27,5211157.16
2023-03-20,13.6,14.55,13.34,13.82,5334423.28
2023-03-21,13.93,14.25,13.41,14.07,3721737.75
2023-03-22,14.07,15.28,13.92,15.0,4273455.93
2023-03-23,14.87,15.56,14.48,15.25,4174277.45
2023-03-24,15.28,16.78,15.28,16.78,3312433.66
2023-03-27,17.3,18.46,16.51,17.98,6556620.39
2023-03-28,17.48,17.72,16.58,16.89,4650231.88
2023-03-29,16.81,17.45,16.15,16.46,5171174.55
2023-03-30,17.61,18.11,16.64,16.85,6881419.14
2023-03-31,16.39,17.46,15.79,17.45,6118149.97
2023-04-03,17.37,19.2,17.17,19.2,5269675.44
2023-04-04,19.71,20.85,19.45,20.08,5510166.21
2023-04-06,19.2,19.74,18.5,18.97,5781485.9
2023-04-07,19.1,19.68,18.23,18.6,4919897.52
2023-04-10,18.64,18.9,16.74,16.74,4471493.92
2023-04-11,16.1,16.52,15.15,15.84,7698387.45
2023-04-12,15.44,16.95,15.36,16.9,6584847.92
2023-04-13,16.52,17.12,15.8,15.87,5314628.32
2023-04-14,16.0,16.16,14.86,15.5,4079781.91
2023-04-17,15.34,16.35,14.71,16.17,5038383.1
2023-04-18,15.92,16.73,15.85,16.42,4946890.43
2023-04-19,16.14,16.72,15.78,15.89,4356416.55
2023-04-20,15.65,16.99,15.62,16.86,5365284.27
2023-04-21,16.6,16.75,15.54,15.98,4670749.95
2023-04-24,15.66,16.97,15.66,16.58,4539459.24
2023-04-25,16.5,17.88,16.26,17.7,6040795.08
2023-04-26,17.9,17.9,16.0,16.77,5300938.67
2023-04-27,16.38,16.52,15.09,15.09,4397214.71
2023-04-28,14.88,16.39,14.76,15.97,4816763.88
2023-05-04,15.59,15.81,14.4,15.04,4905967.29
2023-05-05,14.91,15.68,14.81,15.45,3917848.31
2023-05-08,15.3,15.86,14.52,15.19,3629061.31
2023-05-09,15.1,16.5,14.8,15.98,5584089.82
2023-05-10,15.69,16.19,15.1,15.49,4058192.86
2023-05-11,15.5,15.55,14.7,14.71,3124977.07
2023-05-12,14.55,15.16,14.46,14.9,2752495.83
2023-05-15,15.25,15.35,14.7,15.11,2514509.34
2023-05-16,14.81,14.94,14.06,14.06,3678155.39
2023-05-17,13.7,14.23,13.53,14.03,2766517.62
2023-05-18,13.84,14.73,13.74,14.39,3800431.74
2023-05-19,14.5,14.66,14.12,14.39,2670761.46
2023-05-22,14.27,14.32,13.55,13.67,2623700.36
2023-05-23,13.8,13.83,13.28,13.36,2383507.88
2023-05-24,13.26,13.62,12.95,13.14,3476516.25
2023-05-25,13.2,13.49,12.8,13.44,3436482.2
2023-05-26,13.29,13.52,13.06,13.3,2733419.0
2023-05-29,13.32,13.47,13.11,13.36,2299458.13
2023-05-30,13.2,14.48,13.02,14.24,4778219.14
2023-05-31,14.0,14.29,13.82,13.95,3151096.05
2023-06-01,14.0,15.0,13.96,14.51,4581304.23
2023-06-02,14.56,14.94,14.36,14.6,3375131.3
2023-06-05,14.64,15.5,14.54,15.5,4548163.57
2023-06-06,15.4,15.42,14.8,15.22,3830702.53
2023-06-07,15.01,15.33,14.76,15.0,2747626.85
2023-06-08,14.7,14.82,13.87,14.14,3296114.56
2023-06-09,14.16,14.34,13.82,14.3,2602100.04
2023-06-12,14.4,14.91,14.28,14.58,2708101.61
2023-06-13,14.87,15.94,14.65,15.38,5206747.49
2023-06-14,15.5,15.75,14.88,15.21,4069306.77
2023-06-15,15.23,15.55,14.77,14.8,3363363.12
2023-06-16,14.6,15.45,14.41,15.14,3238427.16
2023-06-19,14.9,15.22,14.8,14.99,2852795.33
2023-06-20,14.9,16.16,14.79,15.87,5669540.66
2023-06-21,15.51,15.65,14.6,14.65,4026060.37
2023-06-26,14.24,14.24,13.19,13.19,3766672.77
2023-06-27,13.01,13.3,13.0,13.13,1764396.21
2023-06-28,13.11,13.11,12.23,12.65,2624040.6
2023-06-29,12.57,12.74,12.45,12.52,1619787.94
2023-06-30,12.41,12.65,12.3,12.54,1563888.21
2023-07-03,12.55,12.59,12.2,12.41,1669721.66
2023-07-04,12.38,12.64,12.29,12.55,1471867.3
2023-07-05,12.48,12.65,12.3,12.33,1318191.99
2023-07-06,12.26,12.72,12.22,12.48,1502935.85
2023-07-07,12.35,12.52,11.83,12.2,1984224.12
2023-07-10,12.21,12.26,12.0,12.02,1111482.43
2023-07-11,12.04,12.36,12.03,12.15,1281908.62
2023-07-12,12.06,12.13,11.61,11.63,2005912.22
2023-07-13,11.68,11.92,11.61,11.81,1438307.51
2023-07-14,11.86,12.34,11.85,12.1,2170211.88
2023-07-17,12.29,12.29,12.05,12.16,1235436.12
2023-07-18,12.15,12.16,11.9,11.95,1080715.88
2023-07-19,12.0,12.17,11.95,12.0,968608.3
2023-07-20,11.96,12.0,11.61,11.63,1203700.93
2023-07-21,11.6,11.75,11.5,11.55,829174.77
2023-07-24,11.49,11.99,11.45,11.73,1190306.78
2023-07-25,11.82,12.03,11.75,11.98,1379179.63
2023-07-26,11.95,11.96,11.64,11.68,1014899.59
2023-07-27,11.78,11.8,11.55,11.57,775650.45
2023-07-28,11.64,11.84,11.48,11.73,1031766.5
2023-07-31,11.68,11.98,11.54,11.87,1296736.59
2023-08-01,11.8,11.99,11.63,11.94,1077859.8
